,prediction
0,berlin fiatgm carling lee bigger downloads
1,aussie fightstar regulation
2,cold neeson key boom bestseller
3,could edinburgh plant britannia bonus poster gadget immigration berlin
4,doubt tautou list revealed
5,given tsunami magic benitez revival
6,list head sri bafta spotlight
7,deficit profiteer loom sail terror
8,rapper secret laud gamble determined user
9,beat offer appeal portrait run nextgen resolve
10,charge swipe act buyout
11,listing quango musical voted radio know
12,klinsmann dove awaits rude douglas export rescued
13,keeping balco drive gerrard art mp prodigy
14,talk confident antisemitic home mac care budget ambition net
15,almagro vote link england buy modern search
16,royal rebate d deeley
17,pick explains husband hit explosion superhero hide rising
18,office brown talent deflation euro france
19,rally meeting suspends exspy double
20,brown hall top blunkett held patch saint
21,mock tv spyware
22,sharer blast needed
23,top texting prevails wmc ericsson trade terror
24,ipod back antinazi deaf fastest overseas cut
25,miss capra away loses russian really
26,spiderman arnold task lose bully share
27,retirement spit godfather economy uturns
28,take cesar fuel arrest office superstar
29,dont chain mainstream star year trader u
30,aviation oil still prize japan role
31,defection fuel
32,nadal arsenal award vinci unfair simpson criminally wrong right
33,giant souness warning
34,price ireland security scotland
35,fun would october sculthorpe
36,gameboy cut pete share blog corium endofyear antisemitic allow gap
37,improve blairbrown oleary gameboy dig halflife creative
38,ni home nextgen exorcist school lib
39,win get guidant help
40,system target measure warns leant phone
41,deeper matter questioned ndour residue signal
42,peertopeer change could
43,bassist devon supercomputer battle consultant cole broadband
44,offer radio election look
45,beastie check prize enter issued pearce
46,athens address seeking strong black comedy newest control increasing howard
47,fraudsters target radio clijsters apple
48,ruled trim top highdefinition eu right lift karachi aussie
49,weather liberian look england site inbev
50,ahead dutch hyundai richard grey mtv chepkemeis
51,flock stunt poll impressed
52,dollar election back band legendary chris want
53,man gaming chancellor aged cleared hattrick
54,offer chelsea cowriter zombie eviction
55,biometric group racism hayes lib
56,davos net label
57,option ahead corbett likely
58,soul pour nigerian workforce copy blunkett shrek
59,european <start> start report talk
60,cosby measure unclear qantas johnson henson
61,top user push child england domain cannabis varig
62,qwest ringtone
63,khodorkovsky drag dent slow corry appear cyril
64,coach chaos lingus preelection u drive
65,gurkha keeper austria bassist shakeup fiat
66,injection china
67,tv sania box hitler
68,antibush blocked reggae stir close m failure dunne record maruti
69,hagues christie ballet switch
70,fishing many dubai mixed charvis slide
71,men continues host slow mull
72,england glaxo screen
73,story debut gear
74,comic blair issued underpin lib follow
75,eastenders near
76,cannabis champion draw gigapixel tarantino milan chooses fightstar worldcom
77,plant hattrick
78,recruited odd savour win howl home pupil
79,u babayaro yukos flying driving broadcast pop
80,bidder tsunami digital industrial vote
81,hearing womens insurer walker arsenal
82,uk gain blair get
83,attacked hailed slurry day income lewisfrancis owen
84,medium brother plan potter ukraine outside silly
85,import redford elliot fraudsters keep
86,healthsouth itunes eight forest attend ahead bennett star net
87,mock ring hit withdrawn consumer
88,bumper kasabian matter christmas lost
89,migrant output clarke global clark
90,museum take smiling
91,replace tsunami net potential fee hope drag id box
92,bellamy end move know
93,format deep injury right law
94,uk huge brown tannadice profit johnny mitsubishi
95,row financial mosque celebrates hacker play
96,capra radcliffe dejected spending cleared gift la
97,insurer break retirement
98,
99,show work detainee
100,host mcilroy net swing england
101,aussie ferrari eu hour merge optimism win
102,tom gas vibe grey merger
103,slight capriati exorcist cool clash new
104,antitremor make watch widens britain management recovery
105,boateng say dawson hiv sizzla star herald
106,new poll loses dubai hailed venue squad phone
107,interest earner amid save box
108,begin detail fear wave
109,schedule jarre suitor failure ballot
110,hybrid library picked streak court fearsome baros
111,free apple another
112,labour saulnier ended savage lanka classy
113,custody concern approach microsoft pioneer
114,lack office take newcastle leaflet comedy bbc ray
115,face gamer brown name nairs
116,lacroix comic impressive
117,twin shine snap spending
118,young world continues boost halflife
119,dr africa dimension mar
120,clyde wenger blogger singer home nears
121,relishing candela budget preston
122,winemaker election suffers critical textile continues
123,saudi bellamy boogeyman anil browser dual belle iran
124,say rupee asset china
125,street ranger emotional smith criminal dropped major terror
126,rebound expert label learning bankruptcy tottenham
127,point england budget bid
128,drug
129,white bite still return farrell mauresmo
130,employ user talk use
131,rape england aid eu pink
132,lying boom paraguay spector donation dy clearer
133,bidding year person
134,kewell rule coast coup youngster million
135,ballot profit nissan deaf hear
136,due ban gadget
137,share quit china austria
138,rapper gypsy predicts gurkha fight ink
139,hit screensaver grow held benitez virus offer lying
140,urge robben uk recession swiss home
141,wintry continues gogh label smith top labour
142,grey help charlton picture mci msps fail
143,real switch denied savour film pc
144,retirement success iraq order festival
145,south see yahoo howl found boeing
146,pc fox keep fear ebbers considering lion itunes return
147,shine glance brown jibe option
148,member book flourished back rue lift spyware prize
149,u multipurpose blair good giant bid decline
150,market oscar persie bet illness burren cannibal
151,sue growth lord stroke slater speech feta shameful
152,analyst houllier habit radio trader fraud net
153,microsoft man award oscar
154,monitor celebrates google sayeed
155,comic adelaide fc say
156,dozen dems constituency davy use comeback
157,aviator miss lament
158,contract fired turkmen beattie
159,newcastle yapps tax
160,ad arrested cab hollywood capriati offer
161,fund deeper challenge spree search
162,oneill adelaide tenyear california mexican brown box
163,kennedy urge utd radio festival year dividend
164,almunia head eu block year
165,turn shun sharer hit unhappy decision keaveney music dy equal
166,slimmer set pocket addicks
167,bolton twelve domecq england
168,make dimension lawyer job
169,palace holiff yukos sale bargain tory award
170,stockmarket dvd firm honour scam tv software
171,impact hardcore robot gervais mp potential soderling
172,iraqi mobile searcher cardiff ecommerce box gaming arrest barca
173,trim break peru prevails pocket maruti
174,arsenal rule erupts chides term sania prosecution share
175,new straw squad offer u widens break
176,target world succession invite attack pavey
177,future euro revisits u
178,bank attack student eclipse frozen rich earn
179,u tackle retirement game butler award
180,sri apple mutu pub
181,howard blair
182,cheer show u sotherton cduk idol
183,yukos brussels spain
184,analyst hollywood
185,call anil ahead federer head
186,punishment scam
187,could bush preston bbc unhappy straw philippoussis greek
188,new tsunami donation hague fund admits economic win
189,
190,howl guitarist
191,mapping buffy explodes decade
192,share
193,buffet brookside pledge knight regains ticking bribery oil
194,spain extend u ask office
195,slow handhelds rescue preelection rack
196,tv firm lib manager trade
197,alisters hybrid career alone tory mp job
198,comeback software aviator spark
199,firm freeze injury lesson nuclear missing
200,buenos dy bankruptcy plan nistelrooy plan shun gift
201,rich barclays name show consumer d
202,war cable cantona show
203,pavey last ban grow office action rap survey
204,look swap start world
205,dead strike failure compete
206,sign u phytopharm honour
207,atm quiz doomed growth pub
208,sideways cherie seaman morrison loss show
209,deadline suspension butler howard band award creator keep
210,th cudicini white tour reynolds lineup firm old
211,mutu milburn pompeii since pain blind tube top
212,injury play share dispute look greener
213,whistleblower chris target say xp de honour
214,hear winning japanese alicia redraft
215,
216,microsoft management manager mixed talk confirms
217,quango nigeria back cheese
218,mixed new offcolour boast fitness
219,mogul closer scrapped act june indian switch
220,brown kidman premiere case given aid mae
221,csa eu network law
222,antigun hit charm presidency valencia
223,triple
224,unjustified named bbc award club
225,buy street fever yahoo aid
226,bargain robinson da divide intel plant
227,unfair order eye prize voter
228,bos defends u mixed
229,anfield mcleish bollywood staff rank zealand
230,take reform mouse given brown open
231,drunk thrilled fed family
232,whitbread sayeed tulu promised
233,hold pick economy shun running relay apology sport
234,charles sprinter award soar selloff christina
235,global hantuchova
236,defends antipoverty big price arnesen
237,retailer wrong usa antipiracy hit monologue revive crude save
238,williams preelection continental
239,online deccan soar shock console
240,urge mourinho isinbayeva meeting dollar closure
241,u blue peacefully number shark capra zero moya
242,bath cesar tutu warns
243,anniversary
244,iranian robert yeading abandoned
245,sentence consumer court nairs oscar
246,lit claxton music engine bookmaker
247,slam shelf failed
248,brown bangkok window bid end
249,award orient one unveils sun
250,student fightstar rack kennedy net gamers euronext
251,gold singapore tackle ripe support foster
252,recovery trial worldcom
253,rebellion flop wifi defends discipline
254,yukos u tipped underpin robben strike home loss
255,prisoner greene award oneill eu arson star
256,kinnock mp radio rush homebuyers
257,cleared csa tariff meeting delay
258,feud job dems
259,company demand owner quiz professional talk
260,leader earnings drake browser deal u
261,aviator ogara fao rift nazi widens union broadband decision call
262,dismissed labour bank email
263,aim mcfaddens eye rereleased close
264,match look lack
265,gun coup bob hardcore
266,house awaits angered
267,box lacroix triple wrong quits wale argentina
268,mac yukos scissor waiting donation
269,house weapon hewitt german musical
270,cebit case slide hail
271,bluray u job
272,held apple heath keane moya ceremony
273,rate rue bennett homophobic favour takeover mantle divert
274,jayz bmw mp blair sweden liverpool mail
275,romeo top action hint radio cautious
276,david fear euro award
277,fannie clampdown award pig concern closer
278,postquake awarded third expected growth
279,lunch yahoo net six woman
280,lingus voter bush academy
281,since christmas investment kong
282,aid fined rejected issue boosted deal terror
283,nazi outline escape lion
284,sight make kashmir dominate
285,neeson dems gervais relish corbett campbell aware bt
286,auckland steady delta trust
287,xp hariri browser desailly breakneck soros
288,host miss fuel list grand get
289,silent osbournes dumbeddown islamic mixed spending role defiant beatles
290,egyptian sluggish sir slide pete term rapper
291,analyst tv ken scissor climate blackadder box uk
292,greene ukips hiv musician leader podcasters
293,mongrel jamieson retail nigeria video
294,honour doubt retract georgia hit tenyear candidate
295,london state
296,wto flourished
297,volcano madrid nostalgia cost night party
298,lingus signal erupts brazil franz dortmund splitup
299,vie fails triple poised whingeing
300,show power staff plan
301,cab sell suspend strike slowing true
302,trader balco security row make
303,spit linux rumour howard slater law box security target
304,share ukip broadband migrant fall held dundee shelf source
305,rap rapper cool deficit make employ
306,giant stop beirut lib narrowing set
307,lta u economy speak hit european show
308,yukos manager smoker
309,yangtze film labour savour war profit check
310,auction blair mauritius ulster
311,sail eye hears redknapps pay economy economic
312,lose lunch sunderland ipod
313,barred announced lineup kilroysilk turn newspaper laporte crude flock narrow
314,inside dent concern premiere buy cosby
315,gaming call cash family dundee blind applauds isinbayeva hodgson
316,future lib gazprom whitbread official iran
317,telekom narrowing double six rest
318,aer drake aware christmas afghanistan pardon presidency
319,rapper improve win seek
320,u rescue emerging
321,expose seal security mcconnell id age
322,tindall hansen bortolami yukos antispam trade
323,management charity island gift dominates pc
324,revival favourite milburn hope exel tomlinson bruising
325,lift cesar cebit recall
326,video fire wolf guilty law manufacturing ferguson factory
327,volcano willis engine cudicini shark obituary music country man
328,york double end ban black
329,appear pressing middlesbrough tax slowing election
330,deal bankruptcy standoff play decision breakthrough soar rich
331,assembly rom held fa
332,
333,antigun goldsmith pig award recession elia
334,executive trigger scottish scam chance
335,pledge el early u
336,seller chamber promise parmar score
337,rumour
338,aborted rule task share
339,viacom box attacked u pay cash tv
340,learning fight grewcock trust player
341,rebuts loss band bennett soaring impersonator
342,globe vocal plan almunia
343,seek injury stunt rebound
344,india relay edward commit
345,free jakarta tv davos doubter
346,deutsche portishead skipper tarantino musical bidding cable khodorkovsky
347,levy hank woman behind birthday rap
348,gaudio care played analyst quango drag
349,charity kennedy build reliant dems blair carling
350,blame savvy ireland shake pr report
351,endofyear tracking friend survival classroom
352,relentless benitez summer appear pirate china view alitalia cage
353,jansen controlled youssou preview face lift
354,jackson rom call
355,lead find fifa dollar
356,brother nod winning campbell feudhit call
357,dy aid rom professional
358,hunt open float charity project market release
359,departure bid heroic forward movie
360,parent hearing venezuelan abandoned indecency bombardier yukos death asset
361,issue user confuse election ending
362,nick bos new saulnier face cost
363,inquiry triumph viewing soap keen campbell bowl
364,firm shoulder sale sri labour
365,deal local brother move award host
366,hit target writer daylewis
367,owen scoop system monsanto number buy stay
368,four first arnesen prize indonesia
369,economic korean chance science pledge sn berlin
370,johansson back
371,inbev indiapakistan fri woeful
372,habit gardener birth
373,nigerian pro body musthaves
374,euronext delighted loss straw
375,oneill relish sonys apologise norway fan
376,antipoverty factor james deal attack
377,
378,apologises mild shooting extra enters
379,plunge aborted box minute power hit football
380,shock settle signal davy offer goldsmith retirement
381,fuel khodorkovsky played work
382,browser modern vote extra greer uganda
383,leave rescue earns hitech yahoo bening
384,souness host new computer get eu growth suffers
385,sitcom barred reject sainsburys government stand
386,lure legendary rupee hit border turkeyiran two golf date
387,finance voter leader forecast superstar spirit cool stake
388,hereford rob confidence fockers indonesian skull bid bush
389,lankas new uk police set rem
390,regains retain balkan bid special director bring return
391,china rem mp latest low spanish battle secures
392,drama hour tmobile radio ultimatum plan
393,servant replace date
394,hodgson slowing confuse yukos
395,disabled turkeyiran world exit measure
396,buying party back spurt person success
397,win gardener finish watch michalak videoondemand
398,wilkinson iaaf
399,cup italy stir baron launch bad
400,proud slovakia mild tory peace
401,springer crude merger library hit plan legendary open
402,poll window iraq
403,terror office judy sign manic
404,ipod suspends olympics brando
405,fail bush shine labour
406,incredibles sheffield forced talent
407,usher cautious loan singapore peacefully azkaban
408,launch men behind duet way suspension hacker gift
409,newcastle back urge longestserving ferguson take campbell say love
410,fear gap student robotic comedy relish revenge ban
411,awarded security campaign new euronext rating balco soar
412,dollar blogger umaga
413,custody
414,doubt musical
415,gig week
416,la
417,blogging rescued gibraltar digital take
418,swap clearer tout virgin axe continue sued bid tetri
419,quit guidant pop whingeing
420,around asbestos raised friendly
421,wind odd hagues absolute trick employ tempt
422,relay recession boro lovein title
423,payment aussie gm bank jol arm share
424,warns squad electronics extra
425,texting early passport put turkeyeu
426,add awaits european u german factory
427,crunch actor computer hitech
428,workforce chain argentine discus
429,unfrozen asylum expm chooses fear system
430,web oconnor tv relief sight win
431,tie unveil denial double top many
432,lindsay home refereeing sundance
433,copy michael preelection rack linux explains men
434,top israel dominici cup
435,hariri sideways email fever
436,sell lose year data attack fever get beirut zombie hold
437,row india spending uk call row traffic
438,nelly surround engine learn
439,china new moya past gadget swipe
440,bmw gain top new lowbudget parry
441,piero ferguson berates
442,windfall war rumour school
443,relishing fight top quits
444,vera crown needed quell cost
445,music drink festival test
446,jj low africa strong bush
447,fao fire set chance twin sale putting
448,wade versace gdp playstation bennett teen probe
449,back delay korea upbeat brother book set list
450,parry spanish terror turn give passport
451,newry ref get rupee peertopeer blogger
452,spyware subsidy blair japan fox stay
453,scotland coach davis film manifesto
454,uk ferrari goahead europe spree
455,call unveiled film reading dem sale
456,gift remark bn win queen sony broadband first
457,future henry timed fall fall robertson
458,competition nestle cannibal deutsches gas firm spammer
459,plus hit trader golden
460,mobile open limit doomed chooses setback
461,chamber election held summer mcconnell
462,barcelona berlin chief leading talent
463,seek foot mp career trader income
464,australian sham retail file sweden davy
465,finest show gardener broken claim tate
466,sweep makeover falconer corp
467,stroke web sabbath uk fall
