,Prediction
0,<pad> UK House Price Dipped a Little in November</s>
1,<pad> deutsche boerse bn offer rejected middecember</s>
2,<pad> Imanol Harinordoquy Dropped in ireland Six Nation Match</s>
3,<pad> Shares of uk banking group barclays risen monday following weekend press report held merger talk</s>
4,<pad> Labour tory calling people signed tps list telephoning tps registered voter check voting intention</s>
5,<pad> glenn hoddle unveiled as new wolf manager</s>
6,<pad> Dubai Open - Daniela hantuchova Moves to Quarterfinals</s>
7,<pad> UK Airport Operator Baa Reiterates Support Government Aviation Expansion Plan</s>
8,<pad> Partridge Worked Marley Partridge Worked Marley</s>
9,<pad> Three Labour Councillors in birmingham caught Operating Voting Fraud Factory Election</s>
10,<pad> Yukos Says U Bankruptcy Court Will Continue Wednesday</s>
11,<pad> Oscar Nominated Film</s>
12,<pad> adriano agent gilmar rinaldi insisted contact chelsea striker adriano</s>
13,<pad> Next said Annual Profit Lower Previously Expected EndofFall Clearance Sale Proved Disappointing</s>
14,<pad> Japan Box Office Boosted Last Year</s>
15,<pad> Eurodisney Sell New Share Priced Euro Cent</s>
16,<pad> Homegrown Search Engine Unveiled</s>
17,<pad> U Rock Band korn Quits Music Business</s>
18,<pad> Insurance Broker 'Marsh' Mclennans Shareholder Transaction Firm Says Security Exchange Commission Asks Information Transaction</s>
19,<pad> mtv criticised incessant sleaze television</s>
20,<pad> Australia Raising Benchmark Interest Rate Despite Slowdown Country Economy Reserve Bank</s>
21,<pad> Spanish Open Highlights - Unseeded Nadal</s>
22,<pad> Share India Largest Power Producer National Thermal Power Corp Ntpc Rises Stock Market Debut Government Part Controversy Programme Privatise Staterun Firm Million Share Offer</s>
23,<pad> ossie davis funeral harlem</s>
24,<pad> Investor Snaps Jet Airway India Air Travel Share Offer</s>
25,<pad> Womens Boston Indoor Game</s>
26,<pad> Top Name scottish Music Taking Part Concert Aid Victim asian tsunami</s>
27,<pad> Australian Open Finale - Hewitt Keeps Dream Australian Open Title Alive</s>
28,<pad> Supercasino in glasgow scottish parliament government plan eight la vega style resort</s>
29,<pad> Leicester say rushed Making Bid Andy Farrell</s>
30,<pad> Southampton Set to Unveiled harry redknapp new manager</s>
31,<pad> tony blair joins home secretary david blunkett visit sheffield</s>
32,<pad> Digital Revolution Focused on Consumer Electronics Show</s>
33,<pad> Best Film Academy Motion Picture Art Science Award</s>
34,<pad> U Dollar Slide Euro Yen halted u treasury secretary john snow said Strong Dollar Helps Export</s>
35,<pad> Airbus Overtook Boeing</s>
36,<pad> Ten former director worldcom agreed pay including pocket settle class action lawsuit</s>
37,<pad> Australian Hardcourt Championship</s>
38,<pad> Apple Powerbook Best Gadgets</s>
39,<pad> Gordon strachan Rejected Chance Become Portsmouth New Bos scot pompey Chairman Milan Mandarics First Choice</s>
40,<pad> Network Community Computer Centre Link Wireless Technology Providing Helping Hand Poor Farmer</s>
41,<pad> Tory Party Defeats Tory Policy</s>
42,<pad> U Oil Price Fall Driven Forecast Mild Winter</s>
43,<pad> Arsenal edu lifted lid on manchester uniteds win</s>
44,<pad> Robot Learning Lesson Robotiquette Be Socially Mix Better Human Playing Game Like PasstheParcel</s>
45,<pad> Podcasting adam curry</s>
46,<pad> Computer Firm Apple Issues Lawsuit Prevent Online Leak Information</s>
47,<pad> Export China Boosted Last Year Country Continued Show Breakneck Growth</s>
48,<pad> Defence Aerospace Group eads philippe camus to leave post</s>
49,<pad> UK Mobile Owner Continue Breaking Record Text Messaging</s>
50,<pad> Movie Monster Godzilla Receives Star hollywood</s>
51,<pad> Retail Sales Falling December</s>
52,<pad> New Law banning hunting dog</s>
53,<pad> Oil Price Rise Will Help World Economic Recovery</s>
54,<pad> Country Western musician jerry scoggins dies at age 88</s>
55,<pad> Exchatshow host robert kilroysilk Attacks UK Immigration Policy</s>
56,<pad> UKIP resigns</s>
57,<pad> Return Unaccompanied Asylumseeking Child Without Parent</s>
58,<pad> Orange Helps Boost Profit Owner Freance Tele</s>
59,<pad> House Price Rises Slowest in UK Housing Market</s>
60,<pad> vodafone drafted uk chief executive william morrow take charge troubled japanese operation</s>
61,<pad> National Gallery Home uk Greatest Artwork Saw Big Jump Visitor Number Five Million Visitor Made</s>
62,<pad> Art Collection Murdered Fashion Designer Versace Could Fetch Auctioneer</s>
63,<pad> Finance Minister Backs Plan Write Debt World Poorest Country</s>
64,<pad> Celtic neil lennon admits ranger could considered slight favourite</s>
65,<pad> Celebrating elvis th Birthday</s>
66,<pad> Consumer Confidence State U Economy Highest Five Months Optimism</s>
67,<pad> Selloff ukrainian Steel Mill Reviewed</s>
68,<pad> U GUantanamo Bay terror suspect detained without trial</s>
69,<pad> Francs recalled flanker serge betsen to france side vs england</s>
70,<pad> Pension scheme to be overhauled</s>
71,<pad> Gordon brown criticised union leader said conflict tony blair harming working government</s>
72,<pad> Trust Online Security Taking Into Consideration</s>
73,<pad> Real Madrid Passes Champions League Knockout Phase</s>
74,<pad> Credit Debit Card Overtaken Cash Spending uk First Time Moment Plastic toppled Cash</s>
75,<pad> ireland captain brian odriscoll ruled out saturday rb six nation clash scotland</s>
76,<pad> Manchester United Avoids Fa Cup Ease</s>
77,<pad> Bond Film Review - Casino Royale</s>
78,<pad> European Commission Decision Gives Legal Protection To Feta Cheese</s>
79,<pad> Growth in japanese Economy Emboldens Recession</s>
80,<pad> Dubai Open Semifinals - Tim Henman</s>
81,<pad> ireland vs scotland vs ireland</s>
82,<pad> London Insurance Market Criticised by Financial Watchdog</s>
83,<pad> Robert Blake Gunshot Remains Hand Clothes Night Wife Shot Dead</s>
84,<pad> Biggest Band Ever</s>
85,<pad> Carlos Moya Becomes First Man Successfully defends chennai Open Title</s>
86,<pad> World No. 1 - Roger Federer</s>
87,<pad> Triple Jumper ashia hansen ruled comeback</s>
88,<pad> Comedy Meet Fockers Tops Box Office North America</s>
89,<pad> Germany Coach Jurgen Klinsmann warns jens lehmann may quit arsenal</s>
90,<pad> World Champion kim collins says suspended sprinter dwain chamber allowed to compete olympics</s>
91,<pad> South Korea's Largest Credit Card Firm Averts Liquidation</s>
92,<pad> Tory leader michael howard accused tony blair of uturns</s>
93,<pad> Circuit City Store Secondlargest Electronics Retailer Bid Comes Boston Based Private Investment Firm</s>
94,<pad> Newcastle Bos Graeme Souness lining summer move england striker michael owen</s>
95,<pad> U Look Sets Continued Boost Interest Rate</s>
96,<pad> German Music Business Third Largest World State Zombie Failed Respond Challenge posed Downloading Piracy</s>
97,<pad> New Bigscreen Version Of Magic Roundabout</s>
98,<pad> Borussia dortmund Bankrupt</s>
99,<pad> Pensioner Promised Energy Saving</s>
100,<pad> Sun Interbrew Deal</s>
101,<pad> Election Watchdog Says New Donation Political Party</s>
102,<pad> U Woman Sues HP Inkjet Printer</s>
103,<pad> Turkey Investment iran Mobile Industry Look Set to Scrapped</s>
104,<pad> World Indoor Grand Prix - olympic champion kelly holmes back Best</s>
105,<pad> Day britain apologise colonial past gordon brown said chancellor speaking weeklong tour africa</s>
106,<pad> Blackburn Rover Part Two</s>
107,<pad> Apple Powerbook Best Gadget</s>
108,<pad> Screen Actor christian Slater Steps Role Tom Broadway Revealed</s>
109,<pad> Election Watchdog Polling Watchdog Says Yearolds Feel Strongly Issue Like Crime</s>
110,<pad> German Economy Strongest among Country Sharing Euro</s>
111,<pad> Online Gaming Could Spell Problem</s>
112,<pad> Golden Rose Television Award</s>
113,<pad> U Dollar Drop Major Currency Concern Central Bank May Cut Amount Dollar Drop</s>
114,<pad> Defending Government Without Charge - Defending Government Without Charge</s>
115,<pad> Mark Lewisfrancis Say olympic Success Made Determined</s>
116,<pad> Eastenders reportedly drawn fox tv network eastenders</s>
117,<pad> Download Format Included Official UK Single Chart</s>
118,<pad> Bestpaid Actor: Gerard Jugnot</s>
119,<pad> Greek sprinter kostas kenteris denies claim faked motorbike crash avoid doping test day start olympics</s>
120,<pad> Ugandan Authority Bans Play Vagina Monologue</s>
121,<pad> Sloping Barlinnie Work Prison</s>
122,<pad> Beerflavoured Draft One Suntory</s>
123,<pad> Nuclear Waste Permanently Stored in uk branded deeply irresponsible</s>
124,<pad> Web Remote Controlled Rifle Remote Hunting</s>
125,<pad> U Woman Sues HP Inkjet Printer</s>
126,<pad> Call Duty Updated - New Title Popular Medal Honor</s>
127,<pad> Best Film Award - Comedy Sideways</s>
128,<pad> U Mortgage Company Fannie Mae Restate Earnings Move Probably Put Billiondollar Dent Account Watchdog</s>
129,<pad> New York Electrorock Group Bravery Come Top bbc News Website Sound Poll</s>
130,<pad> Real madrid steven gerrard a Friend of the Premier League</s>
131,<pad> Digital Music Downloads Included Chart</s>
132,<pad> Study United States War Picked One Main Award</s>
133,<pad> Olympic Pole Vault Champion Yelena Isinbayeva confirms Take Part Norwich Union Grand Prix</s>
134,<pad> chelsea Leftback Wayne Bridge Could Miss Rest Season</s>
135,<pad> Tony Blair Dismissed Report That Gordon Brown Would Quit Next General Election</s>
136,<pad> Independent News Medium - Iris Publishing Group</s>
137,<pad> India Telecom Market to Grow Year by Year</s>
138,<pad> Screen Daily: Twentyseven british film made uk Last Year</s>
139,<pad> Mobile tv vs dmb samsung south korea launching tv service via satellite</s>
140,<pad> Free Spyware Coming to Windows 10</s>
141,<pad> U Tobacco Company Welcomes Court Decision Rejects Government Bn Claims</s>
142,<pad> Lib Dems treasury spokesman unveiled policy aimed issue aimed issue unsecured debt</s>
143,<pad> Foreign Direct Investment - India Clears Proposal</s>
144,<pad> Cyber Security Experts Say DDoS Attacks Are Increasingly Popular</s>
145,<pad> Box Office Top 10 - Robert De Niro Completes Transatlantic Box Office Double</s>
146,<pad> Bbc News Website Take Look Game Mobile Phone</s>
147,<pad> Ford Earns Pretax Profit Improvement Year Ago</s>
148,<pad> bob murray chairman sunderland fc launched bid club buying broadcaster bskybs stake</s>
149,<pad> Health Safety Matters tuc</s>
150,<pad> Champions League Final - steven gerrard admits liverpool Little Chance</s>
151,<pad> Classic Film Wonderful Life Turned Musical Producer</s>
152,<pad> Air Deccan Signs Deal To Acquire Plane</s>
153,<pad> Bad Behaviour Email User Helping Sustaining Spam Industry</s>
154,<pad> microsoft planning to make window internet explorer secure</s>
155,<pad> Wasp set to offer matt dawson new deal</s>
156,<pad> jo pavey miss edinburgh international cross country focus</s>
157,<pad> Jennifer Llopez Announced to Attend Charity Tour</s>
158,<pad> Shares of struggling german football club borussia dortmund slipped monday Despite club agreeing rescue plan Creditor</s>
159,<pad> One Man Saves Robot Threat Humanity Thats Fine Take One Man Saves Robot</s>
160,<pad> Mobile Network Need Get Faster</s>
161,<pad> New York Band Scissor Sister</s>
162,<pad> Bank israel Job Subject Approval</s>
163,<pad> Freedom Information Act Comes Force</s>
164,<pad> Argonaut Game Group Goes Administration</s>
165,<pad> Ozzy Osbourne praised police courageously tackling burglar stole jewellery</s>
166,<pad> Yulia Tymoshenko: Government Planning Renationalise Firm</s>
167,<pad> Top Gadgets of the Year: Oliver Iris Editor Gadget Magazine</s>
168,<pad> Tsunami Emergency Committee Website Claims Collect Cash For Tsunami Victims</s>
169,<pad> Sir joshua Reynolds Portrait omai Get Public Airing Following Fear Would Stay Hidden Export Wrangle</s>
170,<pad> Howard Admitted Used Play truant Spend Time</s>
171,<pad> Slovakia Play Argentina Final Hopman Cup</s>
172,<pad> Delta Airlines Suspended Without Pay</s>
173,<pad> Oscar Nominated Man Says Got Oscarnominated Movie</s>
174,<pad> Wale Coach mike ruddock Makes Two Change Team</s>
175,<pad> U Federal Bureau Investigation Warning Computer Virus Spread via Email</s>
176,<pad> University scotland announcing rise in tuition fee for English student</s>
177,<pad> U President tony blair sworn in in washington dc thursday</s>
178,<pad> Daimlerchrysler Sells Car</s>
179,<pad> Acupuncture Treatments For Paralysed Patients</s>
180,<pad> Eurosceptic Party Suspended Candidate John houston</s>
181,<pad> Tottenham manager jacques santini resigned personal reason former france manager moved white hart lane summer want return</s>
182,<pad> Iraqi Telecommunications Ministry Says Want Significantly Boost National Broadband Coverage</s>
183,<pad> Parent refuses to allow former partner contact child could electronically tagged</s>
184,<pad> Data Cross Net Args Analyst Bill Thompson</s>
185,<pad> Barry ferguson to return to ibrox despite recovering groin injury</s>
186,<pad> Charity Singles Chart Top Spot 2nd Week Revealed</s>
187,<pad> Dundee United Beat Aberdeen 3-1</s>
188,<pad> Ask Jeeves Paid Bloglines</s>
189,<pad> Italian Prime Minister berlusconi Unveiled Plan aimed Kickstarting Country Sputtering Economy</s>
190,<pad> U Crude Price Soaring Fresh Four Month High</s>
191,<pad> Athens olympic womens silver medallist kostas kenteris punished for missing drug test</s>
192,<pad> Film Director Sir Alan Parker Makes Officer Order</s>
193,<pad> Bt Introduces Two Initiatives to Beat Rogue Dialers</s>
194,<pad> Faster Broadband UK Becomes Reality</s>
195,<pad> michael jackson trial california asked See Questionnaire Completed Potential Juror</s>
196,<pad> Conservative Spending Plan Defeats Tory Plan</s>
197,<pad> Bill to Legalise Euthanasia Back Door</s>
198,<pad> england defensive worry deepened following withdrawal tottenhams ledley king squad face holland chelseas</s>
199,<pad> chinese Netusing Population Look Set Exceed U Less Three Year Say Report</s>
200,<pad> olympic heptathlon champion carolina kluft</s>
201,<pad> Mary Poppins Opening Night London West End</s>
202,<pad> Lost Computer Tape Contains Account Detail One Million Customer</s>
203,<pad> Star Wars Battlefront Review</s>
204,<pad> Share Train Bombardier Falling Year Low</s>
205,<pad> Gordon Brown Defeats Plan Pensioner Rise Child Tax Credit</s>
206,<pad> Britain Top Sprinter Lacks Pride Ambition</s>
207,<pad> Tory Backs id Card</s>
208,<pad> Ceplak urged britain kelly holmes to continue Competing European Indoors World Indoor Record</s>
209,<pad> Roger Federer Adds Dubai Championship Trophy Long List Success</s>
210,<pad> Football Association Take Action - Chelsea Bos Jose Mourinho</s>
211,<pad> UK firm embracing Internet Trading Opportunity Never</s>
212,<pad> Video Game Gearing Time Next Revolution Transform Quality Screen</s>
213,<pad> Pixy Foo Fighter Iron Maiden Festival</s>
214,<pad> Manchester united vs Arsenal - Football Association Says Charge Tunnel Incident</s>
215,<pad> Tony Blair: Labour Backbencher 'Goes Back'</s>
216,<pad> Socalled Phishing Attack Become Top Security Threat</s>
217,<pad> Internet Search Engine User Odd Mix Naive Sophisticated Suggestions</s>
218,<pad> Thailand Stock Market Reached Record High Wednesday</s>
219,<pad> Digital Panoramic Photo World Created Researcher Netherlands</s>
220,<pad> General Motors Recalls Nearly Vehicle U Safety Ground</s>
221,<pad> UK Pension System Branded Inadequate</s>
222,<pad> Japan Economic Growth Slow Next Fiscal Year Starting April</s>
223,<pad> Film Review - Audrey Tautou</s>
224,<pad> New Home Secretary charles clarke vowed plough plan id card</s>
225,<pad> Prince charles camilla parker bowles awaiting nation reaction announcing marriage</s>
226,<pad> Prime Minister tony blair Arrives Back Diplomatic Mission Middle East Try Resurrect Peace Process</s>
227,<pad> Howard Launches Attack on UK Asylum System tony Blair</s>
228,<pad> Fiat Conglomerate Takes Over Car Industry</s>
229,<pad> New series portrays muslim Family Sleeper Terrorist Cell</s>
230,<pad> Wale coach mike ruddock Says Yapp Take International Yearold</s>
231,<pad> chelsea bos jose mourinho face fa action comment made carling cup tie manchester united</s>
232,<pad> Prodigy headlines festival headliner scissor sister franz ferdinand headliner scissor sister frank ferdinand festival headliner scissor sister frank ferdinand headliner scissor sister frank ferdinand
233,<pad> Gordon Brown Threatens To Freeze Fuel Duty</s>
234,<pad> Hacker Network Attack Detects Digital Fingerprint</s>
235,<pad> United States Keeps Davis Cup Final Alive</s>
236,<pad> oscar host chris rock said steer clear bad language front award february comedian recently got trouble poking fun ceremony</s>
237,<pad> New Mini Launched German Carmaker Bmw Announces New Investment New Job Created Oxford Factory</s>
238,<pad> Microsoft Enters Desktop Search Fray</s>
239,<pad> Bt Moves Preempt Possible Breakup Business Offering Cut Wholesale Broadband Price</s>
240,<pad> kim clijsters denies report pulled january australian open</s>
241,<pad> Healthsouth Overstated Earnings</s>
242,<pad> UK Election Watchdog Says Individual Registration Could Cut Error</s>
243,<pad> Newcastle manager Graeme Soness closing signing chelsea defender celestine babayaro transfer window reopens</s>
244,<pad> U Interest Rate Rise Fourth Time Five Month Widely Anticipated Move Federal Reserve Raised Key Federal Fund Rate</s>
245,<pad> Bank Holds Interest Rate - Consumer Debt Continues to Rise</s>
246,<pad> Mg Rover Proposed Tip-Off China Top Carmaker Delays Due Concern</s>
247,<pad> Indonesian Stock Market Reached Record High Wednesday</s>
248,<pad> u Open champion svetlana kuznetsova Tested Positive</s>
249,<pad> UK Economy Probably Grows Faster in Third Quarter</s>
250,<pad> Party Takes Pension Crisis One Monumental Failure</s>
251,<pad> Real madrid striker nicolas anelka reportedly want to leave manchester city Search Champions League Football</s>
252,<pad> Kenyan Primary School - Mbita Point</s>
253,<pad> Japanese Share Ends Year Highest Level Since july</s>
254,<pad> La fenice Theatre Died</s>
255,<pad> Tennis federation stefan koubek say banned three month ban</s>
256,<pad> Best Actress - Best Actress</s>
257,<pad> Chelsea sacked adrian mutu</s>
258,<pad> Francais coach bernard laporte made four change starting lineup vs england</s>
259,<pad> Dubai Open - Daniela hantuchova Moves to Quarterfinals</s>
260,<pad> Fox Hunting Dog Legal</s>
261,<pad> Sonys Playstation Portable Top Geek</s>
262,<pad> Yukos sued russian oil firm claiming bn bn Damage yuganskneftegas</s>
263,<pad> Rock Roll Legend Elvis Set To Top UK Single Chart</s>
264,<pad> Manchester City Premiership Goal tally past brace</s>
265,<pad> European Leader Say Asian State Must Let Currency Rise</s>
266,<pad> Phonetap Evidence - European Union mp Says Evidence Would Make Much Difference</s>
267,<pad> Real madrid bernabeu stadium bombed</s>
268,<pad> Bernie Ebbers Trial Starts New York Selection Jury</s>
269,<pad> World Economic Forum - Business Political Leader Around the World Arriving in Switzerland</s>
270,<pad> Large Company Around World Highly Optimistic Economic Prospect Survey Boss Says Biggest Threat Overregulation</s>
271,<pad> Share Buyback indian conglomerate reliance agreed</s>
272,<pad> venezuela Review Foreign Investment Mining Industry</s>
273,<pad> Rock star ozzy osbourne said family make episode reality tv show osbournes end didnt like camera around house time</s>
274,<pad> Israel Economy Forecast Continues to Emerge Threeyear Recession Main Driver</s>
275,<pad> Arsenal Manager Arsene Wenger Claims Display Defeat Bayern Munich Worst Peformance Champions League kolo toures Late Goal Give Gunner Hope Second Leg</s>
276,<pad> Passport Paradise Revealed</s>
277,<pad> Tony Blair Backs Gordon Brown Prebudget Report</s>
278,<pad> Fixed Line Phone Home Could Soon Endangered Species Research Handset Maker Nokia</s>
279,<pad> UK Business Set Prosper Next Month Could Trigger Interest Rate Rise</s>
280,<pad> Bernie Ebbers Denies Charge Fraud</s>
281,<pad> Consumers Getting Right Information Hdtv Format</s>
282,<pad> China Three Gorge Project Corp Refusing to Obey Government Order Stop Construction One Giant Dam</s>
283,<pad> venezuelan Authority Identifies Large Estate Idle Continues Controversy Land Reform Policy</s>
284,<pad> World Economy Getting Worse</s>
285,<pad> Mobile Network Need Get Faster</s>
286,<pad> Kashmiri Bus Service One</s>
287,<pad> Former france flyhalf thomas castaignede warns pressure mounting coach bernard laporte</s>
288,<pad> Cairn Energy Shares Rise Penny</s>
289,<pad> Mobile Phones a Musthave in Mobile Phone Market</s>
290,<pad> Australian Mining Firm Earns Fivefold Rise in Australia</s>
291,<pad> Bbc National Theatre Leads Field Year Interactive Award</s>
292,<pad> Indian Airline Jet Airway Initial Public Offering Oversubscribed</s>
293,<pad> Star Wars Film - Sixth Final Star Wars Movie May Suitable Young Child</s>
294,<pad> Tony blair urged push action climate change despite george bush refusal</s>
295,<pad> Pensions guaranty corporation pbgc bn deficit</s>
296,<pad> German Business Confidence Drops in January</s>
297,<pad> Filesharing Network Defends Filetrading Firm</s>
298,<pad> Mitsubishi Motor Talk</s>
299,<pad> New Breed Wearable Robotic Vehicle</s>
300,<pad> Premier League Attempts to Find Mutually Convenient Date</s>
301,<pad> Palestinian Leader Abbas Says Tolerate Attack</s>
302,<pad> Bittorrent Fileswapping Network</s>
303,<pad> Common Use Blackberry Chamber Speaker</s>
304,<pad> Tennis Star kim clijsters Makes Return</s>
305,<pad> King Crimson Mott Hoople</s>
306,<pad> Standard Life Shareholders Concern deutsche boerse</s>
307,<pad> Woman mp endure shocking level sexist abuse hand male counterpart</s>
308,<pad> Video Game Becomes Common Tool Political Campaign</s>
309,<pad> Southcorp Rejects Takeover Offer</s>
310,<pad> ajax refuses to reveal whether tottenhams bos martin jol will become amsterdam club new coach</s>
311,<pad> U Federal Reserve Chairman alan greenspan</s>
312,<pad> Liverpool legend phil thompson pleaded steven gerrard reject overture</s>
313,<pad> Growth Mobile Phone Market Could See Another Big Innovation</s>
314,<pad> Ask Jeeves Paid Bloglines</s>
315,<pad> Mobile Phone User Never Sent Multimedia Message</s>
316,<pad> Antidoping Agency acquitted kostas kenteris katerina thanou Doping Charge</s>
317,<pad> Bank Standard Chartered Says Buying South Korea First Bank Fulfills Strategic Objective Building Bigger Presence</s>
318,<pad> Newcastle striker craig bellamy Discussing Possible Shortterm Loan Move</s>
319,<pad> Everton Striker James Beattie Declared Fit Training</s>
320,<pad> Tony Blair urged Use Negotiation Power End Poor Country Debt</s>
321,<pad> Apple Unveiled New Lowcost Macintosh Computer</s>
322,<pad> Security Firm Warning Window Virus Disguising Electronic Christmas Card</s>
323,<pad> Hitachi Matshushita Electric Joins Force to Share Develop Technology Flat Screen Television Market</s>
324,<pad> World Cinema Award</s>
325,<pad> Johnson johnson to Buy medical technology firm guidant bn guidant</s>
326,<pad> Cairn Energy Shares Jump Almost Year</s>
327,<pad> How to Become a Smart Fashion Designer</s>
328,<pad> Arsenal Manager Arsene Wenger Admitted Loss Explain Newcastle</s>
329,<pad> Prime Minister tony blair tony blair tony blair to paul boateng</s>
330,<pad> South wale police investigating british national party leaflet</s>
331,<pad> Oil Giant Bp Announces Annual Profit Rise Year Included Profit Bn Bn</s>
332,<pad> Doping Ban - Sprinter michelle collins lodges Appeal</s>
333,<pad> Pension Service Says Rise Contribution Increased Bn Bn Year</s>
334,<pad> Australian actress nicole kidman restraining order two paparazzo photographer claim left fearful leaving sydney mansion</s>
335,<pad> ahmed mido hossam made another apology egyptian people attempt rejoin national team</s>
336,<pad> Tory Accused Tony Blair Terrorized Controversy</s>
337,<pad> Barrister Resigns Protest Government Antiterror Law</s>
338,<pad> wale hopeful openside flanker martyn williams could be fit</s>
339,<pad> Childrens Commissioner england</s>
340,<pad> Air Jamaica Bid Help</s>
341,<pad> Carlos Moya Described Spain Davis Cup Victory Highlight Career</s>
342,<pad> Advertising Space Forehead Highest Bidder Website Ebay</s>
343,<pad> Daily Sunday telegraph newspaper axing journalist job editorial staff telegraph group say cut needed Fund Investment New Printing Facility</s>
344,<pad> Radio Christmas Special Radio</s>
345,<pad> Abn Amro Netherlands Largest Bank Cut Job Result Oneoff Charge euro bn Job</s>
346,<pad> Bupa Great Ireland Run</s>
347,<pad> Bollywood Movies - Adarsh kisna warrior poet</s>
348,<pad> charlton manager alan curbishley paid tribute to jonatan johansson</s>
349,<pad> Microsoft warns pc user update system could leave pc open attack</s>
350,<pad> Top Gadgets of the Year: Oliver Iris Editor Gadget Magazine</s>
351,<pad> Hitachi Unveiled First Humanoid Robot</s>
352,<pad> Bbc Lead Nomination</s>
353,<pad> Incredibles Movie Beats Shrek</s>
354,<pad> Gordon brown fails to tackle fundamental unfairness tax system</s>
355,<pad> Barcelona vs Barca - What's the Difference?</s>
356,<pad> Film Director quentin tarantino Direct Episode u Television Series Csi Crime Scene Investigation</s>
357,<pad> Rugby World Cup - Defeat of england</s>
358,<pad> uk population still without internet access</s>
359,<pad> Digital Camera Hot Gadgets Worldwide Sale Camera Totalled Bn</s>
360,<pad> Judge Look David Blunkett Controversy Unanswered</s>
361,<pad> Nintendos New Handheld Console d Launch europe</s>
362,<pad> President Bush Sends Toughest Budget Proposition</s>
363,<pad> Connors Asks Britain Brightest Tennis Hope Month Maybe Year Come</s>
364,<pad> england coach andy robinson insisted livid side denied two try sunday six nation loss ireland</s>
365,<pad> Blind Student Develops Software</s>
366,<pad> Plan Shed Civil Service Job Prove False Economy Could Hurdle Public Sector Reform</s>
367,<pad> School Takes Part Mock General Election</s>
368,<pad> European Central Bank Leaves Key Interest Rate Unaffected</s>
369,<pad> Highdefinition hdtv</s>
370,<pad> Shop uk reported strong sale last saturday christmas claiming recordbreaking number of shoppers</s>
371,<pad> Quatar Open - Roger Federer Reaches Last Four</s>
372,<pad> Laptop Become Common Mobile Phone</s>
373,<pad> Gordon Brown Meets Golden Economic Rule</s>
374,<pad> Major Government Department Without Email Week Technology Analyst</s>
375,<pad> Bank America Subsidiary Paid to Solve Fraud Charge</s>
376,<pad> Labour Party Holds Autumn Conference Manchester</s>
377,<pad> Pension Reform Ends Without Agreement</s>
378,<pad> Middlesbrough midfielder james morrison ruled out for eight weeks</s>
379,<pad> Blocking Browser Sited Outside U unable to Visit official reelection site president george bush</s>
380,<pad> Parent refuses to allow former partner contact child could electronically tagged</s>
381,<pad> European Indoor Championship - Long Jumper chris tomlinson Cut Schedule Ensure Fully Fit European Indoor Championship</s>
382,<pad> Patsy Rowlands Died at the age of 89</s>
383,<pad> Share Sumitomo Mitsui Financial Share Sumitomo Mitsui Financial Share Sumitomo Mitsui Financial</s>
384,<pad> Oil Group Yuganskneftegas Unit Oil Group Yuganskneftegas</s>
385,<pad> Real madrid striker fernando morientes scuppers liverpool bid</s>
386,<pad> Japan Stock Market Slid - Stock Market Slid - Stock Market Slid</s>
387,<pad> Game Attracts Millions of Gamers</s>
388,<pad> Microsoft Launched Pilot Scheme to Replace Counterfeit Version Window Xp Legal One</s>
389,<pad> Oscars Enter Final Stage</s>
390,<pad> Gordon brown outlined key theme new labour next general election bid</s>
391,<pad> Portable Media Player - Get Smarter Connected</s>
392,<pad> Ghana Confederation Cup Final: Heart Oak Sets ghanaian Confederation Cup Final</s>
393,<pad> england coach andy robinson say english rugby act prevent injury destroying player career without host</s>
394,<pad> Sixways - Sixways</s>
395,<pad> Prince Earned Pop Star</s>
396,<pad> Sale Sharks reopened rugby clubversuscountry debate</s>
397,<pad> Premier League Preview: Newcastle United Face Trip ryman</s>
398,<pad> School Must Improve Quality Citizenship Lesson</s>
399,<pad> U Trade Representative Office Says Small Midsized U Firm Worsthit</s>
400,<pad> Virus Writer Trading Interest David Beckham Distribute Malicious Message</s>
401,<pad> Wale coach mike ruddock defends decision to release international star</s>
402,<pad> Best british Urban Act - Joss Stone</s>
403,<pad> Director quentin tarantino Talk Direct New Instalment</s>
404,<pad> uk muslim accepts people islamic appearance likely stopped searched</s>
405,<pad> Manchester united reportedly reject formal takeover bid</s>
406,<pad> Disaster Relief indonesia sri lanka</s>
407,<pad> brian mcfadden quits westlife</s>
408,<pad> New Anticopying Technology Helps Pirated Copy DVD Movie Download</s>
409,<pad> High Street Developer Test - Home Photo Printer Offers Better Deal</s>
410,<pad> Microsoft Takes Plunge World Blogging</s>
411,<pad> Actor Stephen Fry Joining Cast Hitchhiker Guide</s>
412,<pad> Patenting Computer Program Internet Business Method Permitted Mean Us Based Amazoncom</s>
413,<pad> Greek olympic team kostas kenteris katerina thanou appeared in independent tribunal decide ban stand</s>
414,<pad> ireland adrift in scotland World Cup Final</s>
415,<pad> Marion Jones Sues Balco Conte</s>
416,<pad> rio ferdinand Says Uncertain Malcolm Glar</s>
417,<pad> Prime Minister david milibands Rapid Rise</s>
418,<pad> Bofra Family Virus</s>
419,<pad> Save scottish Regiment Campaign Group Target Nine Marginal Labour Seat</s>
420,<pad> China Construction halted Big Power Station</s>
421,<pad> Education Policy tony blair sailed across lake bromsgrove</s>
422,<pad> Reliance Group Board Meeting in Mumbai</s>
423,<pad> Liberal Democrat Promises To Rake Stamp Duty Threshold</s>
424,<pad> World Antidoping Agency Says Marion Jones Ripped Medal Found To Have Used Drug</s>
425,<pad> German Airlines May Sue Federal Agency</s>
426,<pad> Sir elton John Performs Special Concert Paris</s>
427,<pad> Tony Blair Defends Labour Party</s>
428,<pad> Pension Reform Talk aimed averting series national strike Pension Reform Take Place Weekend</s>
429,<pad> Growth Stability Growth Pact</s>
430,<pad> ireland coach eddie osullivan appears done Quite Successfully Runup Season</s>
431,<pad> World Cross Country Championships - sonia osullivan</s>
432,<pad> Comedian chris morris Created Controversial Tv Show Brass Eye Return Screen</s>
433,<pad> Original Blinx xbox Console</s>
434,<pad> Womens Indoor Trials - Womens Indoor Trials</s>
435,<pad> Mobile Gaming Industry Set to Explode Number Highprofile Device</s>
436,<pad> New European Directive Could Put Software Writer At Risk</s>
437,<pad> Top Seed guillermo corium Goes Heineken Open auckland</s>
438,<pad> Williams Says wale Still Thinking Winning Grand Slam</s>
439,<pad> New Year Message Liberal Democrat Leader</s>
440,<pad> harry connick jr star broadway revival hit musical pajama game Play Supervisor</s>
441,<pad> Standard Life Cuts Withprofit Bonus Rate</s>
442,<pad> Report tony blair planning snap general election</s>
443,<pad> New Version Band Aid Song Know Christmas Goes Straight Number One</s>
444,<pad> Wipro India Software Firm Reported Rise in Net Income Last Quarter</s>
